what,kind,bundleId,bundleVersion,description,time
activated,perspective,org.eclipse.jdt.ui,,"org.eclipse.jdt.ui.JavaPerspective",1319253112500
started,bundle,org.eclipse.osgi,3.5.2.R35x_v20100126,"org.eclipse.osgi",1319253112500
started,bundle,org.eclipse.equinox.simpleconfigurator,1.0.101.R35x_v20090807-1100,"org.eclipse.equinox.simpleconfigurator",1319253112500
started,bundle,com.ibm.icu,4.0.1.v20090822,"com.ibm.icu",1319253112515
started,bundle,org.eclipse.compare.core,3.5.0.I20090430-0408,"org.eclipse.compare.core",1319253112531
started,bundle,org.eclipse.core.contenttype,3.4.1.R35x_v20090826-0451,"org.eclipse.core.contenttype",1319253112531
started,bundle,org.eclipse.core.databinding.observable,1.2.0.M20090902-0800,"org.eclipse.core.databinding.observable",1319253112547
started,bundle,org.eclipse.core.expressions,3.4.101.R35x_v20100209,"org.eclipse.core.expressions",1319253112547
started,bundle,org.eclipse.core.filebuffers,3.5.0.v20090526-2000,"org.eclipse.core.filebuffers",1319253112547
started,bundle,org.eclipse.core.filesystem,1.2.1.R35x_v20091203-1235,"org.eclipse.core.filesystem",1319253112765
started,bundle,org.eclipse.core.jobs,3.4.100.v20090429-1800,"org.eclipse.core.jobs",1319253112765
started,bundle,org.eclipse.core.net,1.2.1.r35x_20090812-1200,"org.eclipse.core.net",1319253112765
started,bundle,org.eclipse.core.resources,3.5.2.R35x_v20091203-1235,"org.eclipse.core.resources",1319253112796
started,bundle,org.eclipse.core.runtime,3.5.0.v20090525,"org.eclipse.core.runtime",1319253112796
started,bundle,org.eclipse.core.runtime.compatibility,3.2.0.v20090413,"org.eclipse.core.runtime.compatibility",1319253112796
started,bundle,org.eclipse.core.runtime.compatibility.auth,3.2.100.v20090413,"org.eclipse.core.runtime.compatibility.auth",1319253112796
started,bundle,org.eclipse.core.variables,3.2.200.v20090521,"org.eclipse.core.variables",1319253112796
started,bundle,org.eclipse.debug.core,3.5.1.v20091103_r352,"org.eclipse.debug.core",1319253112796
started,bundle,org.eclipse.ecf.filetransfer,3.0.0.v20090831-1906,"org.eclipse.ecf.filetransfer",1319253112812
started,bundle,org.eclipse.epp.usagedata.gathering,1.1.1.R201001291118,"org.eclipse.epp.usagedata.gathering",1319253112812
started,bundle,org.eclipse.epp.usagedata.recording,1.1.1.R201001291118,"org.eclipse.epp.usagedata.recording",1319253112827
started,bundle,org.eclipse.equinox.app,1.2.1.R35x_v20091203,"org.eclipse.equinox.app",1319253112827
started,bundle,org.eclipse.equinox.common,3.5.1.R35x_v20090807-1100,"org.eclipse.equinox.common",1319253112827
started,bundle,org.eclipse.equinox.ds,1.1.1.R35x_v20090806,"org.eclipse.equinox.ds",1319253112827
started,bundle,org.eclipse.equinox.frameworkadmin,1.0.100.v20090520-1905,"org.eclipse.equinox.frameworkadmin",1319253112859
started,bundle,org.eclipse.equinox.frameworkadmin.equinox,1.0.101.R35x_v20091214,"org.eclipse.equinox.frameworkadmin.equinox",1319253112859
started,bundle,org.eclipse.equinox.p2.core,1.0.101.R35x_v20090819,"org.eclipse.equinox.p2.core",1319253112859
started,bundle,org.eclipse.equinox.p2.director,1.0.101.R35x_v20100112,"org.eclipse.equinox.p2.director",1319253112874
started,bundle,org.eclipse.equinox.p2.directorywatcher,1.0.100.v20090525,"org.eclipse.equinox.p2.directorywatcher",1319253112874
started,bundle,org.eclipse.equinox.p2.engine,1.0.102.R35x_v20091117,"org.eclipse.equinox.p2.engine",1319253112890
started,bundle,org.eclipse.equinox.p2.exemplarysetup,1.0.100.v20090520-1905,"org.eclipse.equinox.p2.exemplarysetup",1319253112890
started,bundle,org.eclipse.equinox.p2.garbagecollector,1.0.100.v20090520-1905,"org.eclipse.equinox.p2.garbagecollector",1319253112905
started,bundle,org.eclipse.equinox.p2.metadata.repository,1.0.101.R35x_v20090812,"org.eclipse.equinox.p2.metadata.repository",1319253112952
started,bundle,org.eclipse.equinox.p2.reconciler.dropins,1.0.100.v20090520-1905,"org.eclipse.equinox.p2.reconciler.dropins",1319253112952
started,bundle,org.eclipse.equinox.p2.repository,1.0.1.R35x_v20100105,"org.eclipse.equinox.p2.repository",1319253112968
started,bundle,org.eclipse.equinox.p2.ui.sdk.scheduler,1.0.0.v20090520-1905,"org.eclipse.equinox.p2.ui.sdk.scheduler",1319253112968
started,bundle,org.eclipse.equinox.p2.updatechecker,1.1.0.v20090520-1905,"org.eclipse.equinox.p2.updatechecker",1319253113030
started,bundle,org.eclipse.equinox.preferences,3.2.301.R35x_v20091117,"org.eclipse.equinox.preferences",1319253113030
started,bundle,org.eclipse.equinox.registry,3.4.100.v20090520-1800,"org.eclipse.equinox.registry",1319253113030
started,bundle,org.eclipse.equinox.security,1.0.100.v20090520-1800,"org.eclipse.equinox.security",1319253113061
started,bundle,org.eclipse.equinox.simpleconfigurator.manipulator,1.0.101.R35x_v20100209,"org.eclipse.equinox.simpleconfigurator.manipulator",1319253113077
started,bundle,org.eclipse.equinox.util,1.0.100.v20090520-1800,"org.eclipse.equinox.util",1319253113077
started,bundle,org.eclipse.help,3.4.1.v20090805_35x,"org.eclipse.help",1319253113093
started,bundle,org.eclipse.jdt.apt.core,3.3.202.R35x_v20091130-2300,"org.eclipse.jdt.apt.core",1319253113093
started,bundle,org.eclipse.jdt.apt.pluggable.core,1.0.201.R35x_v20090925-1100,"org.eclipse.jdt.apt.pluggable.core",1319253113108
started,bundle,org.eclipse.jdt.core,3.5.2.v_981_R35x,"org.eclipse.jdt.core",1319253113108
started,bundle,org.eclipse.jdt.core.manipulation,1.3.0.v20090603,"org.eclipse.jdt.core.manipulation",1319253113108
started,bundle,org.eclipse.jdt.launching,3.5.1.v20100108_r352,"org.eclipse.jdt.launching",1319253113124
started,bundle,org.eclipse.jdt.ui,3.5.2.r352_v20100106-0800,"org.eclipse.jdt.ui",1319253113124
started,bundle,org.eclipse.jface,3.5.2.M20100120-0800,"org.eclipse.jface",1319253113124
started,bundle,org.eclipse.jsch.core,1.1.100.I20090430-0408,"org.eclipse.jsch.core",1319253113124
started,bundle,org.eclipse.ltk.core.refactoring,3.5.0.v20090513-2000,"org.eclipse.ltk.core.refactoring",1319253113139
started,bundle,org.eclipse.ltk.ui.refactoring,3.4.101.r352_v20100209,"org.eclipse.ltk.ui.refactoring",1319253113155
started,bundle,org.eclipse.mylyn.commons.net,3.2.0.v20090617-0100-e3x,"org.eclipse.mylyn.commons.net",1319253113155
started,bundle,org.eclipse.team.core,3.5.1.r35x_20100113-0800,"org.eclipse.team.core",1319253113171
started,bundle,org.eclipse.team.cvs.core,3.3.200.I20090430-0408,"org.eclipse.team.cvs.core",1319253113171
started,bundle,org.eclipse.team.cvs.ui,3.3.202.r35x_20090930-0800,"org.eclipse.team.cvs.ui",1319253113186
started,bundle,org.eclipse.team.ui,3.5.0.I20090430-0408,"org.eclipse.team.ui",1319253113186
started,bundle,org.eclipse.ui,3.5.2.M20100120-0800,"org.eclipse.ui",1319253113202
started,bundle,org.eclipse.ui.console,3.4.0.v20090513,"org.eclipse.ui.console",1319253113217
started,bundle,org.eclipse.ui.editors,3.5.0.v20090527-2000,"org.eclipse.ui.editors",1319253113217
started,bundle,org.eclipse.ui.ide,3.5.2.M20100113-0800,"org.eclipse.ui.ide",1319253113217
started,bundle,org.eclipse.ui.net,1.2.1.r35x_20090812-1200,"org.eclipse.ui.net",1319253113233
started,bundle,org.eclipse.ui.views,3.4.1.M20090826-0800,"org.eclipse.ui.views",1319253113233
started,bundle,org.eclipse.ui.workbench,3.5.2.M20100113-0800,"org.eclipse.ui.workbench",1319253113249
started,bundle,org.eclipse.ui.workbench.texteditor,3.5.1.r352_v20100105,"org.eclipse.ui.workbench.texteditor",1319253113249
started,bundle,org.eclipse.update.configurator,3.3.0.v20090312,"org.eclipse.update.configurator",1319253113249
os,sysinfo,,,"win32",1319253113249
arch,sysinfo,,,"x86",1319253113249
ws,sysinfo,,,"win32",1319253113249
locale,sysinfo,,,"en_US",1319253113249
processors,sysinfo,,,"2",1319253113249
java.runtime.name,sysinfo,,,"Java(TM) SE Runtime Environment",1319253113249
java.runtime.version,sysinfo,,,"1.6.0_26-b03",1319253113249
java.specification.name,sysinfo,,,"Java Platform API Specification",1319253113249
java.specification.vendor,sysinfo,,,"Sun Microsystems Inc.",1319253113249
java.specification.version,sysinfo,,,"1.6",1319253113249
java.vendor,sysinfo,,,"Sun Microsystems Inc.",1319253113249
java.version,sysinfo,,,"1.6.0_26",1319253113249
java.vm.info,sysinfo,,,"mixed mode",1319253113249
java.vm.name,sysinfo,,,"Java HotSpot(TM) Client VM",1319253113249
java.vm.specification.name,sysinfo,,,"Java Virtual Machine Specification",1319253113249
java.vm.specification.vendor,sysinfo,,,"Sun Microsystems Inc.",1319253113249
java.vm.specification.version,sysinfo,,,"1.0",1319253113249
java.vm.vendor,sysinfo,,,"Sun Microsystems Inc.",1319253113249
java.vm.version,sysinfo,,,"20.1-b02",1319253113249
started,bundle,org.eclipse.mylyn.bugzilla.core,3.2.3.v20100217-0100-e3x,"org.eclipse.mylyn.bugzilla.core",1319253113545
started,bundle,org.eclipse.mylyn.bugzilla.ui,3.2.3.v20100217-0100-e3x,"org.eclipse.mylyn.bugzilla.ui",1319253113576
started,bundle,org.eclipse.ui.forms,3.4.1.v20090714_35x,"org.eclipse.ui.forms",1319253113623
started,bundle,org.eclipse.mylyn.context.core,3.2.3.v20100217-0100-e3x,"org.eclipse.mylyn.context.core",1319253113701
started,bundle,org.eclipse.mylyn.context.ui,3.2.3.v20100217-0100-e3x,"org.eclipse.mylyn.context.ui",1319253113701
started,bundle,org.eclipse.mylyn.tasks.ui,3.2.3.v20100217-0100-e3x,"org.eclipse.mylyn.tasks.ui",1319253113841
started,bundle,org.eclipse.mylyn.team.ui,3.2.3.v20100217-0100-e3x,"org.eclipse.mylyn.team.ui",1319253113841
started,bundle,org.eclipse.update.scheduler,3.2.200.v20081127,"org.eclipse.update.scheduler",1319253113841
started,bundle,org.eclipse.update.core,3.2.300.v20090525,"org.eclipse.update.core",1319253113982
started,bundle,org.eclipse.mylyn.monitor.ui,3.2.3.v20100217-0100-e3x,"org.eclipse.mylyn.monitor.ui",1319253113997
activated,view,org.eclipse.jdt.ui,3.5.2.r352_v20100106-0800,"org.eclipse.jdt.ui.PackageExplorer",1319253147653
opened,editor,org.eclipse.jdt.ui,3.5.2.r352_v20100106-0800,"org.eclipse.jdt.ui.CompilationUnitEditor",1319253162558
activated,editor,org.eclipse.jdt.ui,3.5.2.r352_v20100106-0800,"org.eclipse.jdt.ui.CompilationUnitEditor",1319253162636
started,bundle,org.eclipse.jdt.junit,3.5.2.r352_v20100113-0800,"org.eclipse.jdt.junit",1319253162761
opened,editor,org.eclipse.jdt.ui,3.5.2.r352_v20100106-0800,"org.eclipse.jdt.ui.CompilationUnitEditor",1319253164102
activated,editor,org.eclipse.jdt.ui,3.5.2.r352_v20100106-0800,"org.eclipse.jdt.ui.CompilationUnitEditor",1319253164134
activated,editor,org.eclipse.jdt.ui,3.5.2.r352_v20100106-0800,"org.eclipse.jdt.ui.CompilationUnitEditor",1319253166817
deactivated,workbench,org.eclipse.ui.workbench,3.5.2.M20100113-0800,"",1319253190233
activated,workbench,org.eclipse.ui.workbench,3.5.2.M20100113-0800,"",1319253213586
activated,editor,org.eclipse.jdt.ui,3.5.2.r352_v20100106-0800,"org.eclipse.jdt.ui.CompilationUnitEditor",1319253222977
activated,editor,org.eclipse.jdt.ui,3.5.2.r352_v20100106-0800,"org.eclipse.jdt.ui.CompilationUnitEditor",1319253223711
started,bundle,org.eclipse.debug.ui,3.5.2.v20091028_r352,"org.eclipse.debug.ui",1319253243195
started,bundle,org.eclipse.jdt.debug,3.5.0.v20090526,"org.eclipse.jdt.debug",1319253243460
started,bundle,org.eclipse.jdt.debug.ui,3.4.1.v20090811_r351,"org.eclipse.jdt.debug.ui",1319253243585
deactivated,workbench,org.eclipse.ui.workbench,3.5.2.M20100113-0800,"",1319253244053
activated,workbench,org.eclipse.ui.workbench,3.5.2.M20100113-0800,"",1319253245910
deactivated,workbench,org.eclipse.ui.workbench,3.5.2.M20100113-0800,"",1319253247704
activated,workbench,org.eclipse.ui.workbench,3.5.2.M20100113-0800,"",1319253248811
opened,view,org.eclipse.debug.ui,3.5.2.v20091028_r352,"org.eclipse.debug.ui.DebugView",1319253249154
opened,view,org.eclipse.debug.ui,3.5.2.v20091028_r352,"org.eclipse.debug.ui.ExpressionView",1319253249263
activated,perspective,org.eclipse.debug.ui,3.5.2.v20091028_r352,"org.eclipse.debug.ui.DebugPerspective",1319253249326
opened,view,org.eclipse.debug.ui,3.5.2.v20091028_r352,"org.eclipse.debug.ui.VariableView",1319253250095
opened,view,org.eclipse.debug.ui,3.5.2.v20091028_r352,"org.eclipse.debug.ui.BreakpointView",1319253250267
executed,command,org.eclipse.debug.ui,3.5.2.v20091028_r352,"org.eclipse.debug.ui.commands.StepInto",1319253252389
executed,command,org.eclipse.debug.ui,3.5.2.v20091028_r352,"org.eclipse.debug.ui.commands.StepOver",1319253256127
executed,command,org.eclipse.debug.ui,3.5.2.v20091028_r352,"org.eclipse.debug.ui.commands.StepOver",1319253256627
executed,command,org.eclipse.debug.ui,3.5.2.v20091028_r352,"org.eclipse.debug.ui.commands.StepOver",1319253256829
executed,command,org.eclipse.debug.ui,3.5.2.v20091028_r352,"org.eclipse.debug.ui.commands.StepOver",1319253257001
executed,command,org.eclipse.debug.ui,3.5.2.v20091028_r352,"org.eclipse.debug.ui.commands.StepOver",1319253257063
executed,command,org.eclipse.debug.ui,3.5.2.v20091028_r352,"org.eclipse.debug.ui.commands.StepOver",1319253257126
executed,command,org.eclipse.debug.ui,3.5.2.v20091028_r352,"org.eclipse.debug.ui.commands.StepOver",1319253257360
executed,command,org.eclipse.debug.ui,3.5.2.v20091028_r352,"org.eclipse.debug.ui.commands.StepOver",1319253257656
executed,command,org.eclipse.debug.ui,3.5.2.v20091028_r352,"org.eclipse.debug.ui.commands.StepOver",1319253257953
executed,command,org.eclipse.debug.ui,3.5.2.v20091028_r352,"org.eclipse.debug.ui.commands.StepOver",1319253258218
executed,command,org.eclipse.debug.ui,3.5.2.v20091028_r352,"org.eclipse.debug.ui.commands.StepOver",1319253258514
executed,command,org.eclipse.debug.ui,3.5.2.v20091028_r352,"org.eclipse.debug.ui.commands.StepOver",1319253258811
executed,command,org.eclipse.debug.ui,3.5.2.v20091028_r352,"org.eclipse.debug.ui.commands.StepOver",1319253259607
activated,view,org.eclipse.debug.ui,3.5.2.v20091028_r352,"org.eclipse.debug.ui.BreakpointView",1319253261135
activated,view,org.eclipse.debug.ui,3.5.2.v20091028_r352,"org.eclipse.debug.ui.VariableView",1319253261618
executed,command,org.eclipse.debug.ui,3.5.2.v20091028_r352,"org.eclipse.debug.ui.commands.StepOver",1319253267048
executed,command,org.eclipse.debug.ui,3.5.2.v20091028_r352,"org.eclipse.debug.ui.commands.StepOver",1319253268108
executed,command,org.eclipse.debug.ui,3.5.2.v20091028_r352,"org.eclipse.debug.ui.commands.StepOver",1319253269232
executed,command,org.eclipse.debug.ui,3.5.2.v20091028_r352,"org.eclipse.debug.ui.commands.StepOver",1319253269575
activated,editor,org.eclipse.jdt.ui,3.5.2.r352_v20100106-0800,"org.eclipse.jdt.ui.CompilationUnitEditor",1319253283505
activated,view,org.eclipse.debug.ui,3.5.2.v20091028_r352,"org.eclipse.debug.ui.VariableView",1319253292585
activated,editor,org.eclipse.jdt.ui,3.5.2.r352_v20100106-0800,"org.eclipse.jdt.ui.CompilationUnitEditor",1319253312147
activated,view,org.eclipse.debug.ui,3.5.2.v20091028_r352,"org.eclipse.debug.ui.DebugView",1319253315205
executed,command,org.eclipse.debug.ui,3.5.2.v20091028_r352,"org.eclipse.debug.ui.commands.Terminate",1319253315298
deactivated,workbench,org.eclipse.ui.workbench,3.5.2.M20100113-0800,"",1319253316704
activated,workbench,org.eclipse.ui.workbench,3.5.2.M20100113-0800,"",1319253318171
executed,command,org.eclipse.debug.ui,3.5.2.v20091028_r352,"org.eclipse.debug.ui.commands.StepInto",1319253320088
executed,command,org.eclipse.debug.ui,3.5.2.v20091028_r352,"org.eclipse.debug.ui.commands.StepOver",1319253321211
executed,command,org.eclipse.debug.ui,3.5.2.v20091028_r352,"org.eclipse.debug.ui.commands.StepOver",1319253321804
executed,command,org.eclipse.debug.ui,3.5.2.v20091028_r352,"org.eclipse.debug.ui.commands.StepOver",1319253322989
activated,view,org.eclipse.debug.ui,3.5.2.v20091028_r352,"org.eclipse.debug.ui.VariableView",1319253324065
activated,view,org.eclipse.debug.ui,3.5.2.v20091028_r352,"org.eclipse.debug.ui.DebugView",1319253336483
executed,command,org.eclipse.debug.ui,3.5.2.v20091028_r352,"org.eclipse.debug.ui.commands.Terminate",1319253336546
activated,editor,org.eclipse.jdt.ui,3.5.2.r352_v20100106-0800,"org.eclipse.jdt.ui.CompilationUnitEditor",1319253337934
executed,command,org.eclipse.ui,3.5.2.M20100120-0800,"org.eclipse.ui.edit.copy",1319253345734
executed,command,org.eclipse.ui,3.5.2.M20100120-0800,"org.eclipse.ui.edit.paste",1319253346592
executed,command,org.eclipse.ui,3.5.2.M20100120-0800,"org.eclipse.ui.file.save",1319253347247
deactivated,workbench,org.eclipse.ui.workbench,3.5.2.M20100113-0800,"",1319253349026
activated,workbench,org.eclipse.ui.workbench,3.5.2.M20100113-0800,"",1319253350554
activated,view,org.eclipse.ui.console,3.4.0.v20090513,"org.eclipse.ui.console.ConsoleView",1319253351506
deactivated,workbench,org.eclipse.ui.workbench,3.5.2.M20100113-0800,"",1319253355115
activated,workbench,org.eclipse.ui.workbench,3.5.2.M20100113-0800,"",1319253359415
deactivated,workbench,org.eclipse.ui.workbench,3.5.2.M20100113-0800,"",1319253362785
activated,workbench,org.eclipse.ui.workbench,3.5.2.M20100113-0800,"",1319253364251
executed,command,org.eclipse.debug.ui,3.5.2.v20091028_r352,"org.eclipse.debug.ui.commands.StepOver",1319253366478
executed,command,org.eclipse.debug.ui,3.5.2.v20091028_r352,"org.eclipse.debug.ui.commands.StepOver",1319253367303
executed,command,org.eclipse.debug.ui,3.5.2.v20091028_r352,"org.eclipse.debug.ui.commands.StepInto",1319253367839
executed,command,org.eclipse.debug.ui,3.5.2.v20091028_r352,"org.eclipse.debug.ui.commands.StepOver",1319253368619
executed,command,org.eclipse.debug.ui,3.5.2.v20091028_r352,"org.eclipse.debug.ui.commands.StepOver",1319253369384
executed,command,org.eclipse.debug.ui,3.5.2.v20091028_r352,"org.eclipse.debug.ui.commands.StepOver",1319253369852
executed,command,org.eclipse.debug.ui,3.5.2.v20091028_r352,"org.eclipse.debug.ui.commands.StepOver",1319253370367
executed,command,org.eclipse.debug.ui,3.5.2.v20091028_r352,"org.eclipse.debug.ui.commands.StepOver",1319253370710
executed,command,org.eclipse.debug.ui,3.5.2.v20091028_r352,"org.eclipse.debug.ui.commands.StepOver",1319253371974
activated,editor,org.eclipse.jdt.ui,3.5.2.r352_v20100106-0800,"org.eclipse.jdt.ui.CompilationUnitEditor",1319253373736
executed,command,org.eclipse.debug.ui,3.5.2.v20091028_r352,"org.eclipse.debug.ui.commands.StepOver",1319253375483
executed,command,org.eclipse.debug.ui,3.5.2.v20091028_r352,"org.eclipse.debug.ui.commands.StepOver",1319253376061
executed,command,org.eclipse.debug.ui,3.5.2.v20091028_r352,"org.eclipse.debug.ui.commands.StepOver",1319253378635
activated,perspective,org.eclipse.jdt.ui,3.5.2.r352_v20100106-0800,"org.eclipse.jdt.ui.JavaPerspective",1319253390319
activated,view,org.eclipse.ui.console,3.4.0.v20090513,"org.eclipse.ui.console.ConsoleView",1319253391941
activated,editor,org.eclipse.jdt.ui,3.5.2.r352_v20100106-0800,"org.eclipse.jdt.ui.CompilationUnitEditor",1319253394131
activated,view,org.eclipse.jdt.ui,3.5.2.r352_v20100106-0800,"org.eclipse.jdt.ui.PackageExplorer",1319253398462
opened,editor,org.eclipse.jdt.ui,3.5.2.r352_v20100106-0800,"org.eclipse.jdt.ui.CompilationUnitEditor",1319253400365
activated,editor,org.eclipse.jdt.ui,3.5.2.r352_v20100106-0800,"org.eclipse.jdt.ui.CompilationUnitEditor",1319253400397
started,bundle,org.eclipse.compare,3.5.2.r35x_20100113-0800,"org.eclipse.compare",1319253502717
executed,command,org.eclipse.ui,3.5.2.M20100120-0800,"org.eclipse.ui.file.save",1319253528801
started,bundle,org.eclipse.mylyn.java.ui,3.2.3.v20100217-0100-e3x,"org.eclipse.mylyn.java.ui",1319253545332
executed,command,org.eclipse.ui,3.5.2.M20100120-0800,"org.eclipse.ui.file.save",1319253560188
opened,view,org.eclipse.ui.ide,3.5.2.M20100113-0800,"org.eclipse.ui.views.ProblemView",1319253562746
executed,command,org.eclipse.ui,3.5.2.M20100120-0800,"org.eclipse.ui.file.save",1319253571732
activated,editor,org.eclipse.jdt.ui,3.5.2.r352_v20100106-0800,"org.eclipse.jdt.ui.CompilationUnitEditor",1319253622713
closed,editor,org.eclipse.jdt.ui,3.5.2.r352_v20100106-0800,"org.eclipse.jdt.ui.CompilationUnitEditor",1319253622713
deactivated,workbench,org.eclipse.ui.workbench,3.5.2.M20100113-0800,"",1319253623742
activated,workbench,org.eclipse.ui.workbench,3.5.2.M20100113-0800,"",1319253625287
deactivated,workbench,org.eclipse.ui.workbench,3.5.2.M20100113-0800,"",1319253629801
activated,workbench,org.eclipse.ui.workbench,3.5.2.M20100113-0800,"",1319253633898
deactivated,workbench,org.eclipse.ui.workbench,3.5.2.M20100113-0800,"",1319253634805
activated,workbench,org.eclipse.ui.workbench,3.5.2.M20100113-0800,"",1319253635959
deactivated,workbench,org.eclipse.ui.workbench,3.5.2.M20100113-0800,"",1319253636599
activated,editor,org.eclipse.jdt.ui,3.5.2.r352_v20100106-0800,"org.eclipse.jdt.ui.CompilationUnitEditor",1319253636786
activated,workbench,org.eclipse.ui.workbench,3.5.2.M20100113-0800,"",1319253637627
activated,perspective,org.eclipse.debug.ui,3.5.2.v20091028_r352,"org.eclipse.debug.ui.DebugPerspective",1319253637720
executed,command,org.eclipse.debug.ui,3.5.2.v20091028_r352,"org.eclipse.debug.ui.commands.StepOver",1319253638953
executed,command,org.eclipse.debug.ui,3.5.2.v20091028_r352,"org.eclipse.debug.ui.commands.StepOver",1319253639752
executed,command,org.eclipse.debug.ui,3.5.2.v20091028_r352,"org.eclipse.debug.ui.commands.StepInto",1319253640251
activated,editor,org.eclipse.jdt.ui,3.5.2.r352_v20100106-0800,"org.eclipse.jdt.ui.CompilationUnitEditor",1319253640329
executed,command,org.eclipse.debug.ui,3.5.2.v20091028_r352,"org.eclipse.debug.ui.commands.StepOver",1319253643637
executed,command,org.eclipse.debug.ui,3.5.2.v20091028_r352,"org.eclipse.debug.ui.commands.StepOver",1319253643980
executed,command,org.eclipse.debug.ui,3.5.2.v20091028_r352,"org.eclipse.debug.ui.commands.StepOver",1319253644261
executed,command,org.eclipse.debug.ui,3.5.2.v20091028_r352,"org.eclipse.debug.ui.commands.StepOver",1319253644510
executed,command,org.eclipse.debug.ui,3.5.2.v20091028_r352,"org.eclipse.debug.ui.commands.StepOver",1319253644776
executed,command,org.eclipse.debug.ui,3.5.2.v20091028_r352,"org.eclipse.debug.ui.commands.StepOver",1319253645088
executed,command,org.eclipse.debug.ui,3.5.2.v20091028_r352,"org.eclipse.debug.ui.commands.StepOver",1319253645353
executed,command,org.eclipse.debug.ui,3.5.2.v20091028_r352,"org.eclipse.debug.ui.commands.StepOver",1319253645618
executed,command,org.eclipse.debug.ui,3.5.2.v20091028_r352,"org.eclipse.debug.ui.commands.StepOver",1319253645868
executed,command,org.eclipse.debug.ui,3.5.2.v20091028_r352,"org.eclipse.debug.ui.commands.StepOver",1319253646195
executed,command,org.eclipse.debug.ui,3.5.2.v20091028_r352,"org.eclipse.debug.ui.commands.StepOver",1319253646554
executed,command,org.eclipse.debug.ui,3.5.2.v20091028_r352,"org.eclipse.debug.ui.commands.StepOver",1319253646788
executed,command,org.eclipse.debug.ui,3.5.2.v20091028_r352,"org.eclipse.debug.ui.commands.StepOver",1319253646991
executed,command,org.eclipse.debug.ui,3.5.2.v20091028_r352,"org.eclipse.debug.ui.commands.StepOver",1319253647162
executed,command,org.eclipse.debug.ui,3.5.2.v20091028_r352,"org.eclipse.debug.ui.commands.StepOver",1319253647381
executed,command,org.eclipse.debug.ui,3.5.2.v20091028_r352,"org.eclipse.debug.ui.commands.StepOver",1319253647615
executed,command,org.eclipse.debug.ui,3.5.2.v20091028_r352,"org.eclipse.debug.ui.commands.StepOver",1319253647849
executed,command,org.eclipse.debug.ui,3.5.2.v20091028_r352,"org.eclipse.debug.ui.commands.StepOver",1319253648208
executed,command,org.eclipse.debug.ui,3.5.2.v20091028_r352,"org.eclipse.debug.ui.commands.StepOver",1319253648520
executed,command,org.eclipse.debug.ui,3.5.2.v20091028_r352,"org.eclipse.debug.ui.commands.StepOver",1319253648941
executed,command,org.eclipse.debug.ui,3.5.2.v20091028_r352,"org.eclipse.debug.ui.commands.StepOver",1319253649175
executed,command,org.eclipse.debug.ui,3.5.2.v20091028_r352,"org.eclipse.debug.ui.commands.StepOver",1319253649362
executed,command,org.eclipse.debug.ui,3.5.2.v20091028_r352,"org.eclipse.debug.ui.commands.StepOver",1319253649549
executed,command,org.eclipse.debug.ui,3.5.2.v20091028_r352,"org.eclipse.debug.ui.commands.StepOver",1319253649814
executed,command,org.eclipse.debug.ui,3.5.2.v20091028_r352,"org.eclipse.debug.ui.commands.StepOver",1319253650095
executed,command,org.eclipse.debug.ui,3.5.2.v20091028_r352,"org.eclipse.debug.ui.commands.StepOver",1319253650376
executed,command,org.eclipse.debug.ui,3.5.2.v20091028_r352,"org.eclipse.debug.ui.commands.StepOver",1319253651000
executed,command,org.eclipse.debug.ui,3.5.2.v20091028_r352,"org.eclipse.debug.ui.commands.StepOver",1319253651655
executed,command,org.eclipse.debug.ui,3.5.2.v20091028_r352,"org.eclipse.debug.ui.commands.StepOver",1319253651967
executed,command,org.eclipse.debug.ui,3.5.2.v20091028_r352,"org.eclipse.debug.ui.commands.StepOver",1319253652435
executed,command,org.eclipse.debug.ui,3.5.2.v20091028_r352,"org.eclipse.debug.ui.commands.StepOver",1319253652669
executed,command,org.eclipse.debug.ui,3.5.2.v20091028_r352,"org.eclipse.debug.ui.commands.StepOver",1319253652872
executed,command,org.eclipse.debug.ui,3.5.2.v20091028_r352,"org.eclipse.debug.ui.commands.StepOver",1319253653090
executed,command,org.eclipse.debug.ui,3.5.2.v20091028_r352,"org.eclipse.debug.ui.commands.StepOver",1319253653356
executed,command,org.eclipse.debug.ui,3.5.2.v20091028_r352,"org.eclipse.debug.ui.commands.StepOver",1319253653636
executed,command,org.eclipse.debug.ui,3.5.2.v20091028_r352,"org.eclipse.debug.ui.commands.StepOver",1319253653948
executed,command,org.eclipse.debug.ui,3.5.2.v20091028_r352,"org.eclipse.debug.ui.commands.StepOver",1319253654463
executed,command,org.eclipse.debug.ui,3.5.2.v20091028_r352,"org.eclipse.debug.ui.commands.StepOver",1319253654775
executed,command,org.eclipse.debug.ui,3.5.2.v20091028_r352,"org.eclipse.debug.ui.commands.StepOver",1319253655212
executed,command,org.eclipse.debug.ui,3.5.2.v20091028_r352,"org.eclipse.debug.ui.commands.StepOver",1319253655430
executed,command,org.eclipse.debug.ui,3.5.2.v20091028_r352,"org.eclipse.debug.ui.commands.StepOver",1319253655633
executed,command,org.eclipse.debug.ui,3.5.2.v20091028_r352,"org.eclipse.debug.ui.commands.StepOver",1319253655836
executed,command,org.eclipse.debug.ui,3.5.2.v20091028_r352,"org.eclipse.debug.ui.commands.StepOver",1319253656054
executed,command,org.eclipse.debug.ui,3.5.2.v20091028_r352,"org.eclipse.debug.ui.commands.StepOver",1319253656304
executed,command,org.eclipse.debug.ui,3.5.2.v20091028_r352,"org.eclipse.debug.ui.commands.StepOver",1319253656538
